Target	Group	Primer
IGKV2-19|FWR1	primer1	GAGGYYGTGMTGACACAGAC
IGKV2-25|FWR1	primer1	GAGGYYGTGMTGACACAGAC
IGKV2-36|FWR1	primer1	GAGGYYGTGMTGACACAGAC
IGKV2-31|FWR1	primer1	GAGGYYGTGMTGACACAGAC
IGKV2-7|FWR1	primer1	GAGGYYGTGMTGACACAGAC
IGKV2-22|FWR1	primer1	GAGGYYGTGMTGACACAGAC
IGKV2-37|FWR1	primer1	GAGGYYGTGMTGACACAGAC
IGKV2-8|FWR1	primer1	GAGGYYGTGMTGACACAGAC
IGKV2-55|FWR1	primer1	GAGGYYGTGMTGACACAGAC
IGKV2-12|FWR1	primer1	GAGGYYGTGMTGACACAGAC
IGKV2-69|FWR1	primer1	GAGGYYGTGMTGACACAGAC
IGKV2-28|FWR1	primer1	GAGGYYGTGMTGACACAGAC
IGKV4-16|FWR1	primer2	GAHRTCACRATGACTCAGTCTCC
IGKV4-58|FWR1	primer2	GAHRTCACRATGACTCAGTCTCC
IGKV4-50|FWR1	primer2	GAHRTCACRATGACTCAGTCTCC
IGKV4-1|FWR1	primer2	GAHRTCACRATGACTCAGTCTCC
IGKV4-47|FWR1	primer2	GAHRTCACRATGACTCAGTCTCC
IGKV4-26|FWR1	primer2	GAHRTCACRATGACTCAGTCTCC
IGKV4-33|FWR1	primer2	GAHRTCACRATGACTCAGTCTCC
IGKV4-17|FWR1	primer2	GAHRTCACRATGACTCAGTCTCC
IGKV4-42|FWR1	primer2	GAHRTCACRATGACTCAGTCTCC
IGKV4-21|FWR1	primer2	GAHRTCACRATGACTCAGTCTCC
IGKV2-44|FWR1	primer3	GAWATHGTGMTGACACAGACCCC
IGKV2-80|FWR1	primer3	GAWATHGTGMTGACACAGACCCC
IGKV2-84|FWR1	primer3	GAWATHGTGMTGACACAGACCCC
IGKV2-70|FWR1	primer3	GAWATHGTGMTGACACAGACCCC
IGKV2-75|FWR1	primer3	GAWATHGTGMTGACACAGACCCC
IGKV2-85|FWR1	primer3	GAWATHGTGMTGACACAGACCCC
IGKV2-62|FWR1	primer3	GAWATHGTGMTGACACAGACCCC
IGKV8-14|FWR1	primer4	ACAYDGDGCTGACCCAGTCTCC
IGKV8-13|FWR1	primer4	ACAYDGDGCTGACCCAGTCTCC
IGKV7-66|FWR1	primer4	ACAYDGDGCTGACCCAGTCTCC
IGKV8-63|FWR1	primer4	ACAYDGDGCTGACCCAGTCTCC
IGKV2-82|FWR1	primer5	GAARTTGTATTGACACAGAMCCC
IGKV2-74|FWR1	primer5	GAARTTGTATTGACACAGAMCCC
IGKV2-79|FWR1	primer5	GAARTTGTATTGACACAGAMCCC
IGKV2-3|FWR1	primer6	AGGTYGTRCTGACTCARACCCCA
IGKV2-9|FWR1	primer6	AGGTYGTRCTGACTCARACCCCA
IGKV2-53|FWR1	primer6	AGGTYGTRCTGACTCARACCCCA
IGKV2-35|FWR1	primer7	GAWATCATGMTGACACAGACCCC
IGKV2-30|FWR1	primer7	GAWATCATGMTGACACAGACCCC
IGKV3-68|FWR1	primer8	GAMATCGTGWTGACSCAGTCTCC
IGKV4-65|FWR1	primer8	GAMATCGTGWTGACSCAGTCTCC
IGKV1-64|FWR1	primer9	GAGATTGTCCTGACCCAGTCTCC
IGKV8-86|FWR1	primer10	CACGTGGGGCTGACCCAGTCTCC
IGKV2-23|FWR1	primer11	AAGGTTGTACTAACTCAGACCCC
IGKV2-39|FWR1	primer12	GAAGCTGTGCTGACACAATCCCC
IGKV2-43|FWR1	primer13	GAGGTTGTGATTACACAGACCCC
